,title_id,title,start_year,rating,votes
0,tt6313638,Duck the Halls: A Mickey Mouse Christmas Special,2016,8.0,219
1,tt0095107,Ernest Saves Christmas,1988,5.6,11430
2,tt2100546,Ice Age: A Mammoth Christmas,2011,6.4,10380
3,tt15716286,The Queen Family Singalong,2021,5.7,89
4,tt9735318,The Beatles: Get Back,2021,9.0,19978
5,tt10334438,Becoming Cousteau,2021,7.1,1019
6,tt16225950,Hawkeye,2021,7.6,133
7,tt15866468,Hawkeye,2021,7.8,275
8,tt10160804,Hawkeye,2021,7.6,159088
9,tt15222206,Adventure Thru the Walt Disney Archives,2020,7.9,66
10,tt13596276,Puppy for Hanukkah,2020,7.1,13
11,tt1059955,The Pixar Story,2007,7.7,6627
12,tt15476620,Ciao Alberto,2021,6.8,5975
13,tt0461770,Enchanted,2007,7.1,195689
14,tt4282670,Feast,2014,8.1,46
15,tt3689498,Feast,2014,8.2,23093
16,tt3720652,Feast,2014,7.7,1202
17,tt4686118,Feast,2014,8.1,8
18,tt4007502,Frozen Fever,2015,6.8,16044
19,tt4991108,Frozen Fever,2015,7.3,71
20,tt2980764,Get a Horse!,2013,7.5,5153
21,tt16117574,Home Sweet Home Alone,2021,7.8,12
22,tt11012066,Home Sweet Home Alone,2021,3.6,16262
23,tt0870154,Jungle Cruise,2021,6.6,178548
24,tt15463534,Jungle Cruise,2021,6.6,21
25,tt15165284,Jungle Cruise,2021,7.5,13
26,tt14772912,Jungle Cruise,2021,7.5,146
27,tt13367112,Obi-Wan Kenobi,2020,7.3,40
28,tt15475608,Olaf Presents,2021,7.2,2839
29,tt2388725,Paperman,2012,8.2,33342
30,tt16026492,Pixar 2021 Disney+ Day Special,2021,5.3,52
31,tt15740268,Spin,2021,7.8,14
32,tt12969826,Spin,2021,5.9,836
33,tt13681768,Spin,2021,9.2,12
34,tt2112281,Tangled Ever After,2012,7.6,17554
35,tt1827536,The Ballad of Nessie,2011,6.9,2056
36,tt0816562,The Little Matchgirl,2006,7.8,4735
37,tt16022750,The Making of Happier Than Ever: A Love Letter to Los Angeles,2021,7.4,70
38,tt15829632,The Simpsons in Plusaversary,2021,5.0,1158
39,tt15715890,Under the Helmet: The Legacy of Boba Fett,2021,7.2,1400
40,tt2846384,Alvin and the Chipmunks: Chipwrecked,2011,3.7,37
41,tt1615918,Alvin and the Chipmunks: Chipwrecked,2011,4.3,35053
42,tt3486392,Jingle All the Way 2,2014,3.8,2456
43,tt1079448,Snow Buddies,2008,5.0,4127
44,tt1336289,Space Buddies,2009,8.8,7
45,tt1164647,Space Buddies,2009,4.2,2749
46,tt1544572,The Search for Santa Paws,2010,5.3,2771
47,tt2015544,X-Men: First Class,2011,3.5,7
48,tt1270798,X-Men: First Class,2011,7.7,682026
49,tt1951704,X-Men: First Class,2011,5.5,13
50,tt3112268,X-Men: First Class,2011,6.7,9
51,tt7181320,Photo Ark,2017,8.2,61
52,tt15681488,Storm Rising,2021,7.8,70
53,tt15111904,Bob Ballard: An Explorer's Life,2020,6.8,25
54,tt2097298,"McFarland, USA",2015,7.4,38558
55,tt0394306,Rookie of the Year,1992,6.0,163
56,tt0107985,Rookie of the Year,1993,6.0,28116
57,tt0111419,Thumbelina,1994,6.2,17099
58,tt2020114,Thumbelina,1993,7.9,20
59,tt2575984,Thumbelina,1993,6.0,26
60,tt4148744,PJ Masks,2015,5.4,1232
61,tt14232200,The Wild Life of Dr. Ole,2021,8.5,21
62,tt12286434,Just Beyond,2021,6.1,1444
63,tt13528684,Secrets of the Zoo: North Carolina,2020,7.8,41
64,tt13897634,The Wizard of Paws,2020,9.3,37
65,tt15470224,Mickey's Tale of Two Witches,2021,6.7,99
66,tt14602326,Muppets Haunted Mansion,2021,6.4,6284
67,tt15534640,The Most Magical Story on Earth: 50 Years of Walt Disney World,2021,7.4,106
68,tt13464350,Under Wraps,2021,4.7,777
69,tt15428794,Among the Stars,2021,7.8,232
70,tt15044038,Black Widow,2021,7.9,36
71,tt15074206,Black Widow,2021,6.7,26
72,tt14960344,Black Widow,2021,7.8,391
73,tt3480822,Black Widow,2021,6.7,354407
74,tt14960220,Black Widow,2021,7.9,10
75,tt15027320,Black Widow,2021,8.0,17
76,tt12190130,Black Widow,2020,8.2,686
77,tt13984924,Fauci,2021,6.2,12361
78,tt10684374,The Ghost and Molly McGee,2021,7.2,869
79,tt0952640,Alvin and the Chipmunks,2007,5.2,84513
80,tt1086771,Alvin and the Chipmunks,2007,6.1,67
81,tt2974918,Alvin and the Chipmunks: The Road Chip,2015,4.9,19473
82,tt1587310,Maleficent,2014,6.9,369411
83,tt5290118,Maleficent,2014,7.8,14
84,tt3767708,Maleficent,2014,6.4,15
85,tt3264268,Maleficent,2013,6.9,13
86,tt4190954,Maleficent,2014,6.8,68
87,tt14539670,Disney's Magic Bake-Off,2021,5.8,67
88,tt0172049,Rolie Polie Olie,1998,6.3,2885
89,tt15058696,The Hatcher Family Dairy,2021,8.9,56
90,tt0096697,The Simpsons,1989,8.7,396307
91,tt11963126,A Spark Story,2021,6.5,133
92,tt1792131,Spooky Buddies,2011,4.5,2009
93,tt2582846,The Fault in Our Stars,2014,7.7,369754
94,tt7223494,The Fault in Our Stars,2014,8.0,6
95,tt4060620,The Fault in Our Stars,2014,7.3,66
96,tt10981266,Dog: Impossible,2019,7.6,123
97,tt13622982,Star Wars: Visions,2021,7.0,15910
98,tt1093908,Confessions of a Shopaholic,2009,5.8,78101
99,tt15286970,Flooded Tombs of the Nile,2021,6.5,90
100,tt15153954,Nona,2021,6.8,161
101,tt13324734,Nona,2020,6.8,26
102,tt15088994,Nona,2021,6.5,680
103,tt2479026,Life Below Zero,2012,7.4,42
104,tt17890420,Unknown Waters with Jeremy Wade,2021,8.6,15
105,tt1298650,Pirates of the Caribbean: On Stranger Tides,2011,6.6,516829
106,tt3107310,Pirates of the Caribbean: On Stranger Tides,2011,7.0,9
107,tt15138592,Twenty Something,2021,7.2,187
108,tt14023676,Twenty Something,2021,7.1,719
109,tt12225230,"Doogie Kamealoha, M.D.",2021,6.2,2023
110,tt9357248,"Mira, Royal Detective",2020,6.6,266
111,tt0128890,Pepper Ann,1997,7.1,3652
112,tt2136396,The Incredible Dr. Pol,2011,8.5,1653
113,tt15094392,Happier Than Ever: A Love Letter to Los Angeles,2021,7.2,1312
114,tt6565702,X-Men: Dark Phoenix,2019,5.7,181796
115,tt10975092,X-Men: Dark Phoenix,2019,7.3,47
116,tt13624054,Dug Days,2021,8.1,3712
117,tt14728174,Cruella,2021,6.4,10
118,tt14848554,Cruella,2021,6.7,21
119,tt14752382,Cruella,2021,7.9,17
120,tt3228774,Cruella,2021,7.3,221894
121,tt0480242,Dan in Real Life,2007,6.8,102431
122,tt14993556,Disney Princess Remixed - An Ultimate Princess Celebration,2021,5.0,66
123,tt3438640,Marvel One-Shot: All Hail the King,2014,7.3,10853
124,tt0467110,Underdog,2007,4.7,21576
125,tt13049144,Life Below Zero: Next Generation,2020,5.1,225
126,tt0902280,Eragon,2006,4.7,466
127,tt0449010,Eragon,2006,5.1,126073
128,tt13891272,Growing Up Animal,2021,8.2,100
129,tt0476458,Fantastic Four,2005,5.3,1149
130,tt0120667,Fantastic Four,2005,5.7,326641
131,tt0120903,X-Men,2000,7.3,605823
132,tt1219444,X-Men,2000,6.3,27
133,tt10168312,What If...?,2021,7.4,101820
134,tt1482393,Beverly Hills Chihuahua 2,2011,4.2,3954
135,tt2224075,Beverly Hills Chihuahua 3: Viva La Fiesta!,2012,4.3,2075
136,tt0107614,Mrs. Doubtfire,1993,7.1,264631
137,tt15083978,Cesar Millan: Better Human Better Dog,2021,8.2,114
138,tt13932270,Built for Mars: The Perseverance Rover,2021,6.8,56
139,tt0356634,Garfield,2004,5.0,85716
140,tt0468483,Garfield,2004,5.9,43
141,tt11929804,Critter Fixers: Country Vets,2020,8.7,144
142,tt13262134,Mickey Mouse Funhouse,2021,4.9,148
143,tt14598810,Turning the Tables with Robin Roberts,2021,5.6,43
144,tt13161852,Shark vs. Surfer,2020,6.8,17
145,tt12820178,Shark vs. Whale,2020,5.3,32
146,tt11069436,Behind the Attraction,2021,7.7,779
147,tt11547014,Turner & Hooch,2021,6.5,3526
148,tt13130602,Secrets of the Bull Shark,2020,5.7,7
149,tt14811706,Shark Attack Files,2021,6.0,23
150,tt14811754,Shark Attack Investigation: The Paige Winter Story,2021,6.4,22
151,tt1389137,We Bought a Zoo,2011,7.1,142667
152,tt1934818,So Random!,2011,4.5,2387
153,tt0434215,Flicka,2006,6.0,7995
154,tt14811196,Orca vs. Great White,2021,5.3,77
155,tt14791580,Rogue Shark?,2021,6.9,33
156,tt12833014,Shark Beach with Chris Hemsworth,2021,6.6,289
157,tt14811278,Shark Gangs,2021,6.5,30
158,tt3097686,When Sharks Attack,2013,6.7,100
159,tt14760138,Breaking Bobby Bones,2021,7.1,54
160,tt8610082,Monsters at Work,2021,7.0,6576
161,tt0108037,The Sandlot,1993,7.8,89537
162,tt0418131,The Sandlot 2,2005,4.5,5381
163,tt0092513,Adventures in Babysitting,1987,6.9,43565
164,tt11875316,The Mysterious Benedict Society,2021,7.6,3727
165,tt11146690,Wolfgang,2021,6.9,377
166,tt13858416,Dino Ranch,2021,6.1,113
167,tt14830850,Luca,2021,7.9,1186
168,tt12801262,Luca,2021,7.4,151059
169,tt11317124,Luca,2020,8.3,6
170,tt14941050,Luca,2021,6.8,21
171,tt10214754,Luca,2020,7.0,214
172,tt14864632,Luca,2021,7.0,8
173,tt4191054,Strange Magic,2015,5.7,11105
174,tt3962100,Strange Magic,2015,7.3,358
175,tt0395699,The Pacifier,2005,5.6,93686
176,tt12372034,Zenimation,2020,7.4,426
177,tt15125758,Loki,2021,8.1,12
178,tt9140554,Loki,2021,8.2,285880
179,tt12098538,Loki,2020,7.4,56
180,tt15201914,Loki,2021,6.5,25
181,tt14402704,Loki,2021,7.9,451
182,tt14168012,Raya and the Last Dragon,2021,8.6,5
183,tt14294496,Raya and the Last Dragon,2021,7.2,22
184,tt5109280,Raya and the Last Dragon,2021,7.3,143572
185,tt14158982,Raya and the Last Dragon,2021,6.4,7
186,tt0485985,Red Tails,2012,5.9,35503
187,tt2360135,Red Tails,2012,7.9,56
188,tt14062858,Us Again,2021,7.8,6473
189,tt11872560,Us Again,2020,6.1,74
190,tt13912496,American Eid,2021,7.0,191
191,tt7678620,Bluey,2018,9.7,6824
192,tt14475480,Dinner Is Served,2021,6.1,156
193,tt14475492,Growing Fangs,2021,6.3,148
194,tt15090776,Growing Fangs,2021,6.4,56
195,tt14475518,Let's Be Tigers,2021,7.0,139
196,tt14475504,The Last of the Chupacabras,2021,6.0,151
197,tt14475526,The Little Prince(ss),2021,7.4,314
198,tt12433310,Fury Files,2012,5.5,24
199,tt5270356,Ice Road Rescue,2015,7.9,248
200,tt3120408,Tinker Bell and the Legend of the NeverBeast,2014,7.1,8692
201,tt0069627,Schoolhouse Rock!,1973,8.2,3934
202,tt10370752,Race to the Center of the Earth,2021,6.4,204
203,tt1124354,Special Agent Oso,2009,5.1,612
204,tt0376994,X-Men: The Last Stand,2006,6.6,509758
205,tt0115215,The Incredible Hulk,1996,6.7,3304
206,tt1027810,Fantastic Four: Rise of the Silver Surfer,2007,5.5,673
207,tt2252938,Wander Over Yonder,2013,7.2,4236
208,tt0103262,Wild Hearts Can't Be Broken,1991,7.1,5313
209,tt14578676,Star Wars Biomes,2021,6.4,676
210,tt14578626,Star Wars Vehicle Flythroughs,2021,6.2,329
211,tt4655360,The Bad Batch,2020,8.2,3999
212,tt8827164,Spider-Man,1994,7.3,41
213,tt14499632,22 vs. Earth,2021,6.5,4109
214,tt5531466,DuckTales,2017,8.2,9512
215,tt5687574,DuckTales,2016,8.4,5
216,tt0109190,Baby's Day Out,1994,6.1,50431
217,tt13237134,Being the Queen,2020,6.2,72
218,tt2794380,Liv and Maddie,2013,6.3,8504
219,tt12824750,Secrets of the Whales,2021,8.5,590
220,tt11238096,Big Shot,2021,7.5,3751
221,tt14260676,Earth Moods,2021,8.0,169
222,tt2034767,Rio,2011,6.8,16
223,tt1436562,Rio,2011,6.9,223727
224,tt6811018,The Kid Who Would Be King,2019,6.1,16697
225,tt1791658,Treasure Buddies,2012,4.3,1899
226,tt0111701,White Fang 2: Myth of the White Wolf,1994,5.4,2329
227,tt3249810,Cesar Millan: The Real Story,2012,6.9,69
228,tt4715134,Future-Worm!,2015,5.1,259
229,tt1600757,Kick Buttowski: Suburban Daredevil,2010,6.6,5039
230,tt0113755,Man of the House,1995,5.2,9672
231,tt0102404,Mark Twain and Me,1991,6.9,168
232,tt0111271,Squanto: A Warrior's Tale,1994,6.0,1267
233,tt0089110,Ewoks: The Battle for Endor,1985,5.4,9755
234,tt0406419,Higglytown Heroes,2004,4.8,545
235,tt0477347,Night at the Museum,2006,6.4,340737
236,tt1053810,The Big Year,2011,6.2,45020
237,tt12812506,The Last Ice,2020,7.4,95
238,tt5486088,Walk the Prank,2016,3.7,471
239,tt0377981,Gnomeo & Juliet,2011,5.9,55649
240,tt3824018,Pickle and Peanut,2015,3.9,1499
241,tt7939768,The Mighty Ducks: Game Changers,2021,7.4,4570
242,tt10389464,Mexico Untamed,2018,7.3,22
243,tt1935859,Miss Peregrine's Home for Peculiar Children,2016,6.7,169348
244,tt7244686,Miss Peregrine's Home for Peculiar Children,2016,7.0,7
245,tt14017018,Own the Room,2021,6.4,227
246,tt0455499,Garfield: A Tail of Two Kitties,2006,5.0,42685
247,tt13845582,Mickey Go Local,2019,5.7,59
248,tt10761742,Okavango: River of Dreams,2019,8.3,105
249,tt1571313,Pair of Kings,2010,5.7,4066
250,tt10329642,Secrets of Sulphur Springs,2021,7.6,2772
251,tt0452598,Cheaper by the Dozen 2,2005,5.5,58572
252,tt8521736,Flora & Ulysses,2021,6.2,5977
253,tt2262227,The Book of Life,2014,7.2,70425
254,tt0074028,The Muppet Show,1976,8.4,24353
255,tt12583300,Marvel Battleworld: Mystery of the Thanostones,2020,5.9,86
256,tt13885628,Marvel's Behind the Mask,2021,6.4,432
257,tt1414382,You Again,2010,5.7,51886
258,tt13009970,Expedition Everest,2020,6.6,129
259,tt10833270,Upside-Down Magic,2020,5.3,1501
260,tt0101081,Dinosaurs,1991,7.5,18864
261,tt13634444,Pixar Popcorn,2021,6.6,1947
262,tt8558972,Wild Uganda,2018,7.3,17
263,tt8265568,Isle of Dogs,2018,7.0,10
264,tt5104604,Isle of Dogs,2018,7.8,164003
265,tt5028340,Mary Poppins Returns,2018,6.7,86826
266,tt9397920,Mary Poppins Returns,2018,7.4,18
267,tt11742118,WandaVision,2020,7.4,59
268,tt14182462,WandaVision,2021,8.6,12
269,tt9140560,WandaVision,2021,7.9,293953
270,tt13846912,WandaVision,2021,7.5,1026
271,tt14201938,WandaVision,2021,7.5,19
272,tt14249086,WandaVision,2021,7.0,32
273,tt11138524,Disney Fam Jam,2020,5.5,28
274,tt3411444,Ferdinand,2017,6.7,56023
275,tt7772478,Ferdinand,2017,7.2,7
276,tt5828074,Mega Hammerhead,2016,6.5,79
277,tt19120100,Burrow,2020,7.4,52
278,tt13167288,Burrow,2020,7.4,6075
279,tt11170862,Cosmos: Possible Worlds,2020,9.1,6077
280,tt0273799,Max Keeble's Big Move,2001,5.4,8113
281,tt2948372,Soul,2020,8.0,311093
282,tt10613002,Soul,2019,6.0,782
283,tt13225430,Soul,2020,7.3,64
284,tt12053202,Arendelle Castle Yule Log,2019,4.8,124
285,tt12794742,Buried Truth of the Maya,2019,5.5,138
286,tt13496400,Dory's Reef Cam,2020,3.4,262
287,tt3144132,Into the Woods,2013,7.6,144
288,tt2180411,Into the Woods,2014,5.9,140261
289,tt11097576,On Pointe,2020,7.7,353
290,tt14072300,Wild Nordic,2019,7.3,44
291,tt13522634,Disney Holiday Magic Quest,2020,6.3,35
292,tt13290168,High School Musical: The Musical: The Holiday Special,2020,5.5,366
293,tt9167490,Ralph Breaks the Internet,2018,7.0,166
294,tt5848272,Ralph Breaks the Internet,2018,7.0,155431
295,tt9335792,Ralph Breaks the Internet,2018,7.8,15
296,tt10649016,Safety,2020,6.8,3873
297,tt7369716,Safety,2019,7.1,168
298,tt10525806,Safety,2019,8.1,670
299,tt9799870,Anastasia,1996,2.1,29
300,tt2060477,Anastasia,1997,6.9,39
301,tt0118617,Anastasia,1997,7.1,121764
302,tt1125856,Anastasia,1997,4.8,176
303,tt11681250,Godmothered,2020,6.1,12261
304,tt10644346,Man vs. Shark,2019,6.2,55
305,tt12745586,Mulan,2020,8.0,8
306,tt4566758,Mulan,2020,5.7,144533
307,tt12630458,Mulan,2020,6.7,23
308,tt13027892,Mulan,2020,6.9,11
309,tt0405325,Sky High,2005,6.3,86253
310,tt13392122,The Disney Holiday Singalong,2020,5.8,162
311,tt5523010,The Nutcracker and the Four Realms,2018,5.5,33163
312,tt1698641,"Alexander and the Terrible, Horrible, No Good, Very Bad Day",2014,6.2,43964
313,tt8484160,Black Beauty,2020,6.4,3563
314,tt13681410,From Our Family to Yours,2020,7.3,62
315,tt2802008,Once Upon a Time in Wonderland,2013,6.9,12225
316,tt5492052,Party Animals,2016,6.2,6
317,tt9168904,Bia,2019,6.7,159
318,tt4739454,Planes,2013,4.9,37
319,tt1691917,Planes,2013,5.7,44940
320,tt2258529,Planes,2012,8.7,21
321,tt2980706,Planes: Fire & Rescue,2014,5.9,17988
322,tt6374794,Planes: Fire & Rescue,2014,6.8,18
323,tt13237174,The Real Right Stuff,2020,7.2,523
324,tt13089270,The Wonderful World of Mickey Mouse,2020,7.9,974
325,tt0099785,Home Alone,1990,7.7,553952
326,tt0104431,Home Alone 2: Lost in New York,1992,6.8,345801
327,tt0295319,Home Alone 2: Lost in New York,1992,5.7,352
328,tt0119303,Home Alone 3,1997,4.5,115544
329,tt13302848,Inside Pixar,2020,7.3,612
330,tt13555254,Petra: Secrets of the Ancient Builders,2019,7.3,109
331,tt0119718,Mr. Magoo,1997,4.0,15271
332,tt1474311,Prep & Landing,2009,7.6,3354
333,tt2069885,Prep & Landing: Naughty vs. Nice,2011,7.3,1891
334,tt13845674,Disney Channel Halloween House Party,2020,6.1,9
335,tt8111088,The Mandalorian,2019,8.7,431794
336,tt11448082,The Mandalorian,2019,8.3,13
337,tt9572706,The Mandalorian,2019,6.9,18
338,tt11284960,The Mandalorian,2019,6.4,28
339,tt1730729,The Sorcerer's Apprentice,2010,5.7,13
340,tt0963966,The Sorcerer's Apprentice,2010,6.1,161083
341,tt12988062,X-Ray Earth,2020,6.4,40
342,tt12760500,Gathering Storm,2020,7.9,42
343,tt7726152,Marvel Super Hero Adventures,2017,5.6,139
344,tt13061790,Once Upon a Snowman,2020,6.8,2873
345,tt1014775,Beverly Hills Chihuahua,2008,3.9,24249
346,tt10322334,Clouds,2020,8.6,1133
347,tt9892948,Clouds,2019,5.4,12
348,tt6473066,Clouds,2020,7.5,9617
349,tt12816824,Clouds,2020,7.5,90
350,tt12660966,Lost on Everest,2020,6.7,287
351,tt10151478,The Rocketeer,2019,7.8,28
352,tt8068852,The Rocketeer,2019,4.6,229
353,tt7423322,The Right Stuff,2020,6.7,3718
354,tt16043106,Wild Portugal,2020,6.9,14
355,tt0113862,Mr. Holland's Opus,1995,7.3,38986
356,tt6845918,Hidden Figures,2016,5.6,7
357,tt4846340,Hidden Figures,2016,7.8,223464
358,tt10196378,Magic of Disney's Animal Kingdom,2020,8.2,320
359,tt13165620,The Giant Robber Crab,2019,6.7,44
360,tt12944764,Becoming,2020,6.4,66
361,tt2573372,Becoming,2020,4.7,1258
362,tt12221748,Becoming,2020,6.8,6331
363,tt11003514,Europe from Above,2019,8.0,299
364,tt0120631,Ever After: A Cinderella Story,1998,7.0,74972
365,tt12366196,Kingdom of the Mummies,2020,7.2,109
366,tt1198405,Morning Light,2008,5.7,391
367,tt1843230,Once Upon a Time,2011,7.7,220918
368,tt1781844,Violetta,2011,7.3,38
369,tt8782440,Christopher Robin,2018,7.3,42
370,tt4575576,Christopher Robin,2018,7.2,76485
371,tt0109520,D2: The Mighty Ducks,1994,6.0,40281
372,tt0116000,D3: The Mighty Ducks,1996,5.4,26920
373,tt11176048,Earth to Ned,2020,6.5,381
374,tt2567026,Alice Through the Looking Glass,2016,6.1,106282
375,tt12100782,Back to the Titanic,2020,6.1,296
376,tt2771200,Beauty and the Beast,2017,7.1,302033
377,tt6886640,Beauty and the Beast,2017,8.2,9
378,tt6946054,Beauty and the Beast,2017,8.8,7
379,tt5280798,Beauty and the Beast,2016,8.5,1016
380,tt12611334,Mars: One Day on the Red Planet,2020,6.9,339
381,tt3661394,The One and Only Ivan,2020,6.5,12090
382,tt12888994,The One and Only Ivan,2020,5.8,6
383,tt11902274,India's Wild Leopards,2020,7.1,29
384,tt3979300,Magic Camp,2020,6.3,4352
385,tt6470418,Spaced Out,2017,6.1,15
386,tt15077704,Spaced Out,2018,6.5,6
387,tt7781450,The Greatest Showman,2017,8.3,9
388,tt7782184,The Greatest Showman,2017,7.7,7
389,tt1485796,The Greatest Showman,2017,7.5,273221
390,tt11920706,Wild Cats of India,2020,7.6,44
391,tt0473075,Prince of Persia: The Sands of Time,2010,6.6,286798
392,tt2452042,The Peanuts Movie,2015,7.0,45637
393,tt14271936,UFO Europe: The Untold Stories,2012,6.3,19
394,tt12607910,Black Is King,2020,5.5,8795
395,tt2214921,Cradle of the Gods,2012,6.5,119
396,tt1886977,Hunt for the Abominable Snowman,2011,4.6,72
397,tt3606756,Incredibles 2,2018,7.6,286782
398,tt8568788,Incredibles 2,2018,9.2,7
399,tt10101440,Incredibles 2,2018,8.9,7
400,tt8567848,Incredibles 2,2018,7.3,20
401,tt3091520,King Fishers,2013,6.9,26
402,tt11668444,Lost Temple of the Inca,2020,6.8,117
403,tt10857210,Muppets Now,2020,5.9,1150
404,tt12453440,Surviving the Mount St. Helens Disaster,2020,7.6,91
405,tt1790809,Pirates of the Caribbean: Dead Men Tell No Tales,2017,6.5,300825
406,tt7248854,Pirates of the Caribbean: Dead Men Tell No Tales,2017,7.5,12
407,tt10225100,Rogue Trip,2020,7.0,179
408,tt7871864,Wild Sri Lanka,2015,8.3,89
409,tt6003368,Diary of a Wimpy Kid: The Long Haul,2017,4.3,8990
410,tt0423746,Super Robot Monkey Team Hyperforce Go!,2004,6.3,2378
411,tt0285749,The Mouseketeers at Walt Disney World,1977,7.3,90
412,tt12013768,Wild Chile,2017,8.2,5
413,tt5899794,X-Men: Apocalypse,2016,7.8,13
414,tt3385516,X-Men: Apocalypse,2016,6.9,425983
415,tt5767174,X-Men: Apocalypse,2016,7.4,43
416,tt7241292,X-Men: Apocalypse,2016,7.2,14
417,tt12690910,Hamilton: History Has Its Eyes on You,2020,6.3,66
418,tt8486896,Solo: A Star Wars Story,2018,8.2,44
419,tt9049946,Solo: A Star Wars Story,2018,7.2,57
420,tt3778644,Solo: A Star Wars Story,2018,6.9,333717
421,tt9041966,Solo: A Star Wars Story,2018,7.4,16
422,tt8450046,Solo: A Star Wars Story,2018,6.0,19
423,tt9494886,Solo: A Star Wars Story,2018,7.9,7
424,tt1877832,X-Men: Days of Future Past,2014,7.9,700182
425,tt3758068,X-Men: Days of Future Past,2014,6.1,12
426,tt4135422,X-Men: Days of Future Past,2014,7.6,77
427,tt6208226,Animal ER,2016,7.9,74
428,tt1650043,Diary of a Wimpy Kid: Rodrick Rules,2011,6.5,30823
429,tt12614114,Hamilton,2020,8.1,19
430,tt8503618,Hamilton,2020,8.4,88125
431,tt1481467,Race to Witch Mountain,2009,8.1,9
432,tt1075417,Race to Witch Mountain,2009,5.7,59486
433,tt0112499,The Big Green,1995,5.5,10153
434,tt0104868,The Mighty Ducks,1992,6.5,65732
435,tt0114924,While You Were Sleeping,1995,6.7,101471
436,tt10196382,Into the Unknown: Making Frozen 2,2020,8.4,819
437,tt0151498,Mars and Beyond,1957,8.2,239
438,tt0272876,Tarzan,1999,7.3,640
439,tt0120855,Tarzan,1999,7.3,221607
440,tt7264462,Egypt's Treasure Guardians,2016,6.2,65
441,tt3040964,The Jungle Book,2016,7.4,273915
442,tt7241176,The Jungle Book,2016,7.4,6
443,tt2483260,The Pirate Fairy,2014,6.5,13277
444,tt0108377,Trail Mix-Up,1993,7.2,985
445,tt0100821,Tummy Trouble,1989,7.2,1617
446,tt12860598,Artemis Fowl,2020,7.0,11
447,tt3089630,Artemis Fowl,2020,4.2,27648
448,tt12490524,Artemis Fowl,2020,4.8,62
449,tt12520562,Artemis Fowl,2020,8.0,17
450,tt2573338,Mighty Med,2013,6.4,2027
451,tt0908300,The Liberty Story,1957,7.4,83
452,tt0402635,The Story of the Animated Drawing,1955,7.5,130
453,tt1223150,Walt & El Grupo,2008,6.4,419
454,tt8415880,Alaska's Grizzly Gauntlet,2018,6.4,50
455,tt6293566,America's Greatest Animals,2012,5.7,40
456,tt2718652,Secrets of Wild India,2012,8.0,157
457,tt5848928,The Greeks,2016,7.7,220
458,tt4380034,Wild Hawaii,2014,7.0,127
459,tt0432283,Fantastic Mr. Fox,2009,7.9,225747
460,tt7661306,Out,2020,5.9,25
461,tt12366826,Out,2020,7.5,3446
462,tt12794052,Out,2020,6.4,17
463,tt4777008,Maleficent: Mistress of Evil,2019,6.6,101841
464,tt11101466,Maleficent: Mistress of Evil,2019,8.1,43
465,tt2299785,John Carter,2012,5.2,11
466,tt0401729,John Carter,2012,6.6,269641
467,tt0092696,Bride of Boogedy,1987,6.6,724
468,tt0119190,George of the Jungle,1997,5.5,77021
469,tt0116552,Homeward Bound II: Lost in San Francisco,1996,5.9,15075
470,tt0107131,Homeward Bound: The Incredible Journey,1993,6.9,46238
471,tt8316986,Prairie Dog Manor,2019,8.0,50
472,tt0280050,Prowlers of the Everglades,1953,7.6,91
473,tt0093779,The Princess Bride,1987,8.0,421764
474,tt2181679,Unlikely Animal Friends,2012,7.6,105
475,tt0368891,National Treasure,2004,6.9,326805
476,tt12194646,Born Wild: The Next Generation,2020,7.9,28
477,tt0098740,America's Funniest Home Videos,1989,6.1,5383
478,tt0219222,The Olympic Elk,1952,7.0,93
479,tt12137534,Jane Goodall: The Hope,2020,8.0,166
480,tt2078690,Brain Games,2011,8.3,3284
481,tt12076020,A Celebration of the Music from Coco,2020,7.0,230
482,tt8174114,Tut's Treasures: Hidden Secrets,2018,7.3,199
483,tt0287003,A Tale of Two Critters,1977,6.0,201
484,tt12100080,Diving with Dolphins,2020,7.0,182
485,tt10055028,Dolphin Reef,2018,7.4,1098
486,tt12036052,Elephant,2020,7.2,2206
487,tt1725902,Fish Hooks,2010,4.8,3589
488,tt12100044,In the Footsteps of Elephant,2020,7.2,198
489,tt11824204,Onward,2020,7.2,20
490,tt7146812,Onward,2020,7.4,142441
491,tt12676208,Onward,2020,7.4,9
492,tt11937610,Onward,2020,7.6,14
493,tt12080904,Penguins: Life on the Edge,2020,6.8,168
494,tt0072728,The Boy Who Talked to Badgers,1975,5.4,125
495,tt0635488,The New Neighbor,1952,7.7,25
496,tt0078281,The Small One,1978,7.6,1721
497,tt0166896,The Straight Story,1999,8.0,89533
498,tt1142977,Frankenweenie,2012,6.9,106005
499,tt1305591,Mars Needs Moms,2011,5.4,22409
500,tt1874686,Prom,2011,5.4,9
501,tt1892267,Prom,2011,7.4,115
502,tt1543693,Prom,2010,7.0,10
503,tt1604171,Prom,2011,5.4,15282
504,tt1294226,The Last Song,2010,5.9,87062
505,tt1462769,The Odd Life of Timothy Green,2012,6.6,46816
506,tt2267122,The Odd Life of Timothy Green,2012,7.1,12
507,tt10219416,Be Our Chef,2020,6.4,175
508,tt8519792,A Wrinkle in Time,2018,7.3,47
509,tt8110602,A Wrinkle in Time,2018,5.6,13
510,tt1620680,A Wrinkle in Time,2018,4.2,44614
511,tt9089662,A Wrinkle in Time,2018,6.7,50
512,tt11998854,Disney Insider,2020,6.5,291
513,tt1447784,G-Force,2009,5.6,204
514,tt0436339,G-Force,2009,5.1,46269
515,tt11336272,Frozen 2,2019,7.8,13
516,tt4858674,Stargirl,2020,6.2,5358
517,tt8722888,Stargirl,2020,7.1,16793
518,tt2025690,The Finest Hours,2016,6.7,66209
519,tt0817307,The Sandlot: Heading Home,2007,5.0,2084
520,tt0960731,Bedtime Stories,2008,6.0,94404
521,tt1055389,Bedtime Stories,2007,7.3,58
522,tt1032137,Bedtime Stories,2007,8.3,4687
523,tt7019028,101 Dalmatian Street,2018,5.9,362
524,tt10225108,Shop Class,2020,6.9,80
525,tt10538348,Viking Warrior Women,2019,6.4,60
526,tt11676420,Viking Warrior Women,2019,5.6,59
527,tt8336340,Star Wars Resistance,2018,5.1,5746
528,tt11113964,Marvel Rising: Operation Shuri,2019,4.9,378
529,tt1185834,Star Wars: The Clone Wars,2008,5.9,64794
530,tt0458290,Star Wars: The Clone Wars,2008,8.4,87532
531,tt0317132,Because of Winn-Dixie,2005,6.3,11639
532,tt0088161,Splash,1984,6.3,76308
533,tt6820324,Timmy Failure: Mistakes Were Made,2020,6.0,2949
534,tt10481818,Toy Story 4,2019,7.4,25
535,tt11389316,Toy Story 4,2019,7.7,9
536,tt10566732,Toy Story 4,2019,6.4,6
537,tt10408304,Toy Story 4,2019,8.4,143
538,tt1979376,Toy Story 4,2019,7.7,239487
539,tt8022928,Descendants 3,2019,6.4,7814
540,tt0327437,Around the World in 80 Days,2004,5.8,89543
541,tt0094739,Big Business,1988,6.4,14076
542,tt10167262,Lamp Life,2020,6.7,3199
543,tt10515516,The Lion King,2019,6.6,56
544,tt9720560,The Lion King,2019,8.2,6
545,tt10665710,The Lion King,2019,8.7,8
546,tt10622506,The Lion King,2019,6.7,11
547,tt6105098,The Lion King,2019,6.8,238629
548,tt10641472,The Lion King,2019,5.2,8
549,tt9353540,The Lion King,2018,8.2,15
550,tt9695266,Diary of a Future President,2020,5.9,1054
551,tt4622802,America's National Parks,2015,7.6,209
552,tt14246734,America's National Parks,2015,9.1,10
553,tt6244108,Continent 7: Antarctica,2016,7.3,186
554,tt6176812,The Lodge,2016,6.1,589
555,tt0377770,Destino,2003,7.6,5281
556,tt10978676,Loop,2019,8.5,51
557,tt9536836,Loop,2020,6.7,2444
558,tt9072180,Loop,2020,7.3,2296
559,tt8241138,Loop,2020,6.5,217
560,tt13017988,Loop,2020,5.5,9
561,tt10392322,Aladdin (2019),2019,8.4,39
562,tt10941888,Aladdin (2019),2019,7.2,41
563,tt11023258,Aladdin (2019),2019,5.7,15
564,tt10771534,Aladdin (2019),2019,7.2,58
565,tt1830491,Austin & Ally,2011,5.8,11465
566,tt0106611,Cool Runnings,1993,7.0,102746
567,tt7823038,Drain Alcatraz,2017,6.0,206
568,tt0067172,Hacksaw,1971,5.8,107
569,tt0311289,Holes,2003,7.0,87107
570,tt4128102,Marvel 75 Years: From Pulp to Pop!,2014,7.0,1059
571,tt10583412,Out There with Jack Randall,2019,6.4,74
572,tt1368151,Super Rhino,2009,6.3,1135
573,tt0293737,The Proud Family,2001,6.5,7386
574,tt0322389,George of the Jungle 2,2003,3.3,7163
575,tt11448424,High School Musical: The Musical: The Series: The Special,2019,6.7,201
576,tt5644050,Pick of the Litter,2018,7.5,1516
577,tt10855726,Pick of the Litter,2019,8.0,153
578,tt11426646,Togo,2019,7.0,7
579,tt5116302,Togo,2019,7.9,47355
580,tt9536850,Wind,2019,7.0,2105
581,tt10854760,One Day at Disney,2019,7.3,521
582,tt11550148,One Day at Disney,2019,7.0,478
583,tt10719984,Expedition Amelia,2019,7.2,216
584,tt0385726,Glory Road,2006,7.2,45879
585,tt4664808,Incredible! The Story of Dr. Pol,2015,8.5,14
586,tt9073748,Marvel Rising: Chasing Ghosts,2019,5.1,551
587,tt9073746,Marvel Rising: Heart of Iron,2019,4.6,1244
588,tt12535708,Supercar Megabuild,2016,4.6,74
589,tt7002100,Coco,2017,7.4,37
590,tt7626162,Coco,2017,6.4,10
591,tt2380307,Coco,2017,8.4,480239
592,tt0147800,10 Things I Hate About You,1999,7.3,331161
593,tt0211181,102 Dalmatians,2000,4.8,37350
594,tt1846442,12 Dates of Christmas,2011,6.2,6765
595,tt0291777,A Bug's Life,1998,6.6,708
596,tt0120623,A Bug's Life,1998,7.2,287473
597,tt0113198,A Goofy Movie,1995,6.9,53183
598,tt0113538,A Kid in King Arthur's Court,1995,4.7,6221
599,tt0282123,A Ring of Endless Light,2002,5.8,1286
600,tt0115491,Aladdin and the King of Thieves,1996,6.3,35369
601,tt0417415,Aliens of the Deep,2005,6.3,3030
602,tt0381006,America's Heart & Soul,2004,5.0,683
603,tt0082017,Amy,1981,6.5,482
604,tt0208185,An Extremely Goofy Movie,2000,6.3,12372
605,tt0207972,Annie,1999,6.6,5477
606,tt6467274,Atlantis Rising,2017,6.5,542
607,tt0344864,Atlantis: Milo's Return,2003,5.0,9518
608,tt0313229,Atlantis: The Lost Empire,2001,6.2,135
609,tt0230011,Atlantis: The Lost Empire,2001,6.9,116779
610,tt8952294,Auntie Edna,2018,7.1,2911
611,tt0499549,Avatar,2009,7.8,1204880
612,tt10932508,Avatar,2009,6.6,5
613,tt1799656,Avatar,2009,5.5,14
614,tt1378189,Avatar,2008,7.1,26
615,tt0217267,Babes in Toyland,1960,6.5,45
616,tt8075496,Bao,2018,7.5,28319
617,tt0118692,Beauty and the Beast: The Enchanted Christmas,1997,5.9,10677
618,tt5929776,Before the Flood,2016,8.2,27704
619,tt4483520,Before the Flood,2015,8.0,4811
620,tt0092638,Benji the Hunted,1987,6.2,3074
621,tt4507442,Best Friends Whenever,2015,5.6,1790
622,tt2245084,Big Hero 6,2014,7.8,449494
623,tt5298888,Big Hero 6,2014,7.5,12
624,tt1570382,Bizarre Dinosaurs,2009,6.5,170
625,tt0109287,Blank Check,1994,5.2,20558
626,tt0397892,Bolt,2008,6.8,206810
627,tt0213334,Bonkers,1993,6.7,1489
628,tt0395479,Boundin',2003,6.9,13964
629,tt0105958,Boy Meets World,1993,8.1,42263
630,tt5289650,Brave,2012,7.7,16
631,tt3575508,Brave,2012,6.4,51
632,tt1217209,Brave,2012,7.1,403107
633,tt7293698,Breaking2,2017,7.2,402
634,tt0162212,Brink!,1998,6.9,6275
635,tt5079092,Brother Bear,2003,6.7,212
636,tt0328880,Brother Bear,2003,6.8,108355
637,tt0465925,Brother Bear 2,2006,6.1,17689
638,tt0430932,Buffalo Dreams,2005,5.6,540
639,tt0294425,Cadet Kelly,2002,5.4,14249
640,tt0109369,Camp Nowhere,1994,6.0,9743
641,tt1055366,Camp Rock,2008,5.1,33382
642,tt6479060,Camp Rock,2008,7.2,44
643,tt1252380,Camp Rock 2: The Final Jam,2010,5.2,18417
644,tt0186910,Can of Worms,1999,5.0,1042
645,tt0075807,Candleshoe,1977,6.7,4410
646,tt0814044,Cars,2006,7.1,1447
647,tt0317219,Cars,2006,7.2,407750
648,tt1216475,Cars 2,2011,6.2,182883
649,tt7084506,Cars 2,2011,5.6,17
650,tt7248240,Cars 3,2017,5.3,12
651,tt3606752,Cars 3,2017,6.7,94352
652,tt0090803,Casebusters,1986,5.5,150
653,tt0097053,Cheetah,1989,5.9,1053
654,tt0490846,Chicken Little,2005,6.3,261
655,tt0371606,Chicken Little,2005,5.7,91770
656,tt2049413,Cinderella,1950,7.2,14
657,tt2762970,Cloud 9,2014,6.3,4888
658,tt2583852,Cloud 9,2013,5.2,28
659,tt1251927,College Road Trip,2008,10.0,5
660,tt0997047,College Road Trip,2008,4.3,16048
661,tt0361467,Confessions of a Teenage Drama Queen,2004,4.6,29143
662,tt0489007,Cow Belles,2006,5.1,6481
663,tt2273734,Crash & Bernstein,2012,4.9,783
664,tt1090750,Dadnapped,2009,4.7,3053
665,tt0101076,Darkwing Duck,1991,7.6,16274
666,tt0561023,Davy Crockett and the River Pirates,1955,7.7,101
667,tt1620446,Day & Night,2010,8.0,18699
668,tt7775248,Decorating Disney: Holiday Magic,2017,6.7,125
669,tt5117876,Descendants 2,2017,6.3,10957
670,tt7813348,Descendants 2,2017,8.0,13
671,tt0130623,Dinosaur,2000,6.4,59808
672,tt0279776,Dinosaur,2000,5.9,50
673,tt11199552,Disney Family Sundays,2019,5.2,39
674,tt0122815,Disney's Doug,1996,6.5,637
675,tt6974848,Disney's Fairy Tale Weddings,2017,6.5,168
676,tt0423642,Dog Whisperer with Cesar Millan,2004,7.9,2746
677,tt0208101,Don't Look Under the Bed,1999,6.7,3183
678,tt0281905,Double Teamed,2002,5.9,3613
679,tt0187819,Doug's 1st Movie,1999,4.9,3257
680,tt11151654,"Dr. T, Lone Star Vet",2019,8.3,92
681,tt1537759,Dug's Special Mission,2009,7.0,6619
682,tt10041316,Dumbo,2019,7.7,19
683,tt3861390,Dumbo,2019,6.3,74306
684,tt10109606,Dumbo,2019,7.2,8
685,tt7008868,Earth Live,2017,5.2,66
686,tt16411500,Easter Island Unsolved,2018,7.0,14
687,tt0397313,Eight Below,2006,7.3,64546
688,tt7759016,Encore!,2019,7.6,626
689,tt0072951,Escape to Witch Mountain,1975,6.3,10305
690,tt0206511,Even Stevens,2000,7.6,14589
691,tt0120910,Fantasia 2000,1999,7.1,38187
692,tt0830298,Fantastic Four: World's Greatest Heroes,2006,6.6,2396
693,tt6245938,Finding Dory,2016,7.1,61
694,tt2277860,Finding Dory,2016,7.3,268498
695,tt6255268,Finding Dory,2016,3.0,14
696,tt0401422,Finding Nemo,2003,7.2,667
697,tt0266543,Finding Nemo,2003,8.2,1020102
698,tt0116311,First Kid,1996,5.2,10933
699,tt0091059,Flight of the Navigator,1986,6.9,47864
700,tt9536846,Float,2019,7.2,4024
701,tt11103166,Float,2019,8.7,14
702,tt0119137,Flubber,1997,5.3,89075
703,tt0248808,For the Birds,2000,8.0,31836
704,tt0113104,Frank and Ollie,1995,7.7,928
705,tt0322330,Freaky Friday,2003,6.3,136326
706,tt7775622,Free Solo,2018,8.1,65741
707,tt2293583,Frenemies,2012,8.9,46
708,tt1865368,Frenemies,2012,4.9,4806
709,tt2293967,Frenemies,2012,8.6,278
710,tt2294629,Frozen,2013,7.4,612554
711,tt0382142,Full-Court Miracle,2003,5.7,1021
712,tt0286639,Fuzzbucket,1986,5.5,375
713,tt0108783,Gargoyles,1994,8.1,16265
714,tt1835977,Geek Charming,2011,6.3,12532
715,tt0193187,Genius,1999,6.0,1926
716,tt0700642,Genius,1998,8.2,14
717,tt0131409,Geri's Game,1997,7.9,25093
718,tt0282521,Get a Clue,2002,5.0,6472
719,tt14277172,Giants of the Deep Blue,2018,6.6,43
720,tt0447987,Go Figure,2005,5.6,3719
721,tt0399104,Going to the Mat,2004,6.7,1419
722,tt1828976,"Good Luck Charlie, It's Christmas!",2011,6.3,6305
723,tt0103428,Goof Troop,1992,6.8,8682
724,tt1769803,Great Migrations,2010,8.1,819
725,tt0074599,Gus,1976,5.7,1918
726,tt0173886,Halloweentown,1998,6.6,17041
727,tt0414078,Halloweentown High,2004,6.1,7276
728,tt0274761,Halloweentown II: Kalabar's Revenge,2001,6.3,8880
729,tt0451460,Handy Manny,2006,5.5,1996
730,tt1127884,Hannah Montana and Miley Cyrus: Best of Both Worlds Concert,2008,2.5,12014
731,tt1222818,Hatching Pete,2009,5.3,2759
732,tt0110006,Heavyweights,1995,6.6,27805
733,tt0080861,Herbie Goes Bananas,1980,4.9,5720
734,tt0076137,Herbie Goes to Monte Carlo,1977,5.6,7452
735,tt0071607,Herbie Rides Again,1974,5.7,8065
736,tt1125863,Hercules,1997,6.1,326
737,tt0219771,Hercules,1997,7.4,806
738,tt0119282,Hercules,1997,7.3,225732
739,tt1460003,Hercules,1997,4.7,37
740,tt0475293,High School Musical,2006,5.4,87275
741,tt0810900,High School Musical 2,2007,5.1,59867
742,tt0962726,High School Musical 3: Senior Year,2008,4.8,62164
743,tt0107120,Hocus Pocus,1993,6.9,120445
744,tt0299172,Home on the Range,2004,5.3,22920
745,tt0104437,"Honey, I Blew Up the Kid",1992,4.8,44067
746,tt0097523,"Honey, I Shrunk the Kids",1989,6.4,152907
747,tt6318906,"Honey, We Shrunk Ourselves",1997,6.6,35
748,tt0219813,Horse Sense,1999,6.1,1897
749,tt8390274,Hostile Planet,2019,8.2,740
750,tt0274557,Hounded,2001,4.9,1021
751,tt5648768,How Dogs Got Their Shapes,2016,6.7,134
752,tt3098874,How to Build a Better Boy,2014,5.3,3183
753,tt0155753,I'll Be Home for Christmas,1998,5.5,10594
754,tt0135467,I'll Be Home for Christmas,1997,6.4,279
755,tt5480340,Ice Age: The Great Egg-Scapade,2016,5.9,3517
756,tt0396652,Ice Princess,2005,6.0,27086
757,tt5807512,Inner Workings,2016,7.7,4687
758,tt2096673,Inside Out,2015,8.2,690590
759,tt5154968,Inside Out,2015,6.7,72
760,tt5306290,Inside Out,2015,8.1,14
761,tt0141369,Inspector Gadget,1999,4.1,48101
762,tt0301454,Inspector Gadget 2,2003,3.4,6422
763,tt7573844,Into the Okavango,2018,7.6,446
764,tt0445990,Invincible,2006,7.0,70521
765,tt0805757,Invincible,2006,7.7,595
766,tt4420110,Invisible Sister,2015,5.9,3224
767,tt0110157,Iron Will,1994,6.6,8589
768,tt0116669,Jack,1996,5.8,60445
769,tt0455565,Jack-Jack Attack,2005,7.6,16277
770,tt0116683,James and the Giant Peach,1996,6.7,66276
771,tt7207238,Jane,2017,7.8,5073
772,tt6226462,Jane,2016,7.2,5
773,tt7137582,Jane,2017,5.9,12
774,tt7317404,Jane,2016,6.1,87
775,tt1865769,Jessie,2011,5.9,15516
776,tt2278028,Jingle Pols,2013,8.9,9
777,tt0942378,Johnny Kapahala: Back on Board,2007,5.4,2200
778,tt0206064,Johnny Tsunami,1999,6.2,5510
779,tt0271172,Jumping Ship,2001,6.0,1879
780,tt0119432,Jungle 2 Jungle,1997,5.1,24307
781,tt0116756,Kazaam,1996,3.0,24370
782,tt7979492,Kim Possible,2019,3.6,3117
783,tt10515514,Kim Possible,2019,7.1,51
784,tt11410096,Kim Possible,2019,8.4,5
785,tt1760672,Kingdom of the Blue Whale,2009,8.1,13
786,tt1403075,Kingdom of the Blue Whale,2009,6.7,188
787,tt10704300,Kingdom of the White Wolf,2019,8.0,216
788,tt9536832,Kitbull,2019,8.0,6510
789,tt12650666,Kitbull,2019,8.4,362
790,tt0401398,Kronk's New Groove,2005,5.8,13353
791,tt1684557,Lab Rats,2010,6.8,63
792,tt8096832,Lady and the Tramp,2019,6.2,21118
793,tt3824386,Lava,2014,7.2,17455
794,tt1648204,Lemonade Mouth,2011,6.9,17623
795,tt2042289,Lemonade Mouth,2011,7.1,24
796,tt0486761,Leroy & Stitch,2006,6.1,6060
797,tt3920782,Life-Size 2,2018,4.6,977
798,tt0945571,Lifted,2006,7.8,19481
799,tt0950281,Lifted,2006,7.2,11
800,tt0335260,Lilo & Stitch,2002,6.3,105
801,tt0275847,Lilo & Stitch,2002,7.3,185822
802,tt0457993,Lilo & Stitch 2: Stitch Has a Glitch,2005,6.2,14715
803,tt10276578,Lost Treasures of the Maya,2018,6.5,221
804,tt6267732,Lou,2017,7.8,7565
805,tt7592104,Lou,2017,7.2,12
806,tt0091455,Luxo Jr.,1986,7.3,14444
807,tt7974952,Man Among Cheetahs,2017,6.8,64
808,tt7728344,Marvel Rising: Secret Warriors,2018,5.3,1306
809,tt11295300,Marvel Studios: Expanding the Universe,2019,6.6,461
810,tt10163846,Marvel's Hero Project,2019,6.1,159
811,tt7319918,Marvel's Inhumans,2017,5.6,22
812,tt0901686,Mater and the Ghostlight,2006,6.5,8255
813,tt0120645,Meet the Deedles,1998,4.0,2952
814,tt0396555,Meet the Robinsons,2007,6.8,98022
815,tt1052017,Meet the Robinsons,2007,6.5,177
816,tt0371823,"Mickey, Donald, Goofy: The Three Musketeers",2004,6.4,10081
817,tt0085936,Mickey's Christmas Carol,1983,8.0,12686
818,tt0238414,Mickey's Once Upon a Christmas,1999,7.0,8675
819,tt0424279,Mickey's Twice Upon a Christmas,2004,6.4,5091
820,tt0120751,Mighty Joe Young,1998,5.7,29108
821,tt0323250,Mike's New Car,2002,7.0,13954
822,tt1072755,Minutemen,2008,5.8,5983
823,tt1279948,Minutemen,2008,7.2,13
824,tt1251929,Minutemen,2008,8.6,10
825,tt1927905,Miracle,2003,7.2,10
826,tt0349825,Miracle,2004,7.4,54054
827,tt0157996,Miracle at Midnight,1998,6.8,511
828,tt0218440,Miracle in Lane 2,2000,6.0,2138
829,tt3067436,Miracle Landing on the Hudson,2014,6.5,166
830,tt9165688,Mission to the Sun,2018,6.6,194
831,tt3521164,Moana,2016,7.6,322545
832,tt7245024,Moana,2016,7.0,6
833,tt1453405,Monsters University,2013,7.3,351569
834,tt0198781,"Monsters, Inc.",2001,8.1,886150
835,tt0273842,Motocrossed,2001,6.5,5123
836,tt0091566,Mr. Boogedy,1986,6.6,1667
837,tt0279967,Mulan II,2004,5.6,25782
838,tt0117110,Muppet Treasure Island,1996,6.9,24053
839,tt3615012,Muppets Most Wanted,2014,5.0,9
840,tt2281587,Muppets Most Wanted,2014,6.4,34358
841,tt0120764,My Favorite Martian,1999,5.0,13579
842,tt0465234,National Treasure: Book of Secrets,2007,6.5,234065
843,tt0104990,Newsies,1992,6.9,20740
844,tt5097410,Noelle,2019,6.3,21214
845,tt5452780,Olaf's Frozen Adventure,2017,5.6,12757
846,tt0095776,Oliver & Company,1988,6.6,48094
847,tt0426148,Once Upon a Mattress,2005,6.2,1443
848,tt0089731,One Magic Christmas,1985,6.4,3806
849,tt0479113,One Man Band,2005,7.7,16047
850,tt0114048,Operation Dumbo Drop,1995,5.1,9086
851,tt0277514,Out of the Box,1998,7.4,995
852,tt1425244,Partly Cloudy,2009,8.1,21942
853,tt1174704,Partly Cloudy,2008,6.8,14
854,tt3116154,Party Central,2014,7.0,2903
855,tt2788732,Pete's Dragon,2016,6.7,57978
856,tt0266850,Phantom of the Megaplex,2000,6.3,3459
857,tt0852863,Phineas and Ferb,2007,8.0,43973
858,tt1825918,Phineas and Ferb the Movie: Across the 2nd Dimension,2011,7.4,11484
859,tt0323642,Piglet's Big Movie,2003,6.1,7849
860,tt5613056,Piper,2016,8.3,29055
861,tt1043740,Pirates of the Caribbean: At World's End,2007,7.0,1061
862,tt0449088,Pirates of the Caribbean: At World's End,2007,7.1,637718
863,tt1815877,Pirates of the Caribbean: Dead Man's Chest,2006,6.6,71
864,tt0383574,Pirates of the Caribbean: Dead Man's Chest,2006,7.3,702499
865,tt5793632,Pirates of the Caribbean: The Curse of the Black Pearl,2003,7.8,59
866,tt0325980,Pirates of the Caribbean: The Curse of the Black Pearl,2003,8.0,1094657
867,tt0426548,Pixel Perfect,2004,5.8,15
868,tt0393596,Pixel Perfect,2004,5.6,3630
869,tt1119154,Pocahontas,1994,5.1,181
870,tt9047432,Pocahontas,1995,2.4,39
871,tt0238520,Pocahontas,1995,5.6,64
872,tt0956219,Pocahontas,1994,3.9,31
873,tt0114148,Pocahontas,1995,6.7,183862
874,tt1125875,Pocahontas,1995,5.5,96
875,tt0119918,Pooh's Grand Adventure: The Search for Christopher Robin,1997,7.0,6050
876,tt0407121,Pooh's Heffalump Movie,2005,6.4,7508
877,tt1245104,Presto,2008,8.3,24393
878,tt1196339,Princess Protection Program,2009,5.6,24067
879,tt12650196,Purl,2019,6.8,337
880,tt8980868,Purl,2018,6.5,4487
881,tt0136658,Quack Pack,1996,6.7,4142
882,tt4341582,Queen of Katwe,2016,7.4,17261
883,tt0245380,Quints,2000,5.5,2432
884,tt1154078,Ratatouille,2007,10.0,5
885,tt0382932,Ratatouille,2007,8.1,707242
886,tt1230569,Ratatouille,2007,7.4,694
887,tt0494716,Read It and Weep,2006,5.5,5506
888,tt0253550,Ready to Run,2000,5.4,355
889,tt0382936,Recess: All Growed Down,2003,6.4,830
890,tt0265632,Recess: School's Out,2001,6.5,10584
891,tt0093832,Red's Dream,1987,6.3,7246
892,tt0210945,Remember the Titans,2000,7.8,212134
893,tt0078158,Return from Witch Mountain,1978,5.7,5133
894,tt0089908,Return to Oz,1985,6.7,27149
895,tt0155110,Richie Rich's Christmas Wish,1998,4.0,2262
896,tt0323810,Right on Track,2003,6.1,1375
897,tt0244764,Rip Girls,2000,5.9,1344
898,tt0070608,Robin Hood,1973,7.5,125264
899,tt1289836,Robin Hood,1972,5.1,7
900,tt8053430,Rocky Mountain Animal Rescue,2018,7.8,23
901,tt9395780,Rocky Mountain Animal Rescue,2018,8.4,29
902,tt6246442,Rogue One: A Star Wars Story,2016,7.0,93
903,tt6312146,Rogue One: A Star Wars Story,2016,5.7,18
904,tt7245064,Rogue One: A Star Wars Story,2016,6.5,12
905,tt3748528,Rogue One: A Star Wars Story,2016,7.8,609309
906,tt0436595,Roving Mars,2006,7.2,1058
907,tt0138068,Ruby Bridges,1998,7.0,1032
908,tt0353965,Sacred Planet,2004,5.9,313
909,tt4661600,Sanjay's Super Team,2015,6.8,5102
910,tt2414212,Santa Paws 2: The Santa Pups,2012,4.7,1388
911,tt2140373,Saving Mr. Banks,2013,7.5,160545
912,tt7321944,Science Fair,2017,6.8,59
913,tt7153434,Science Fair,2018,7.6,586
914,tt6390686,Sea of Hope: America's Underwater Treasures,2017,7.1,52
915,tt1028576,Secretariat,2010,7.2,28384
916,tt1661326,Shake It Up,2010,4.8,13109
917,tt7217020,Sharks of Lost Island,2013,5.6,112
918,tt1629440,Sharpay's Fabulous Adventure,2011,4.7,6674
919,tt0099816,Shipwrecked,1990,6.5,2829
920,tt0105417,Sister Act,1992,6.4,97484
921,tt0108147,Sister Act 2: Back in the Habit,1993,5.6,53512
922,tt1479534,Skyrunners,2009,5.0,1298
923,tt0192618,Smart House,1999,6.1,7404
924,tt7103168,Smash and Grab,2019,6.7,2164
925,tt15372936,Smash and Grab,2019,6.7,169
926,tt0069291,Snowball Express,1972,6.3,1800
927,tt1068284,Snowglobe,2007,5.8,2493
928,tt0169247,So Weird,1999,8.4,2972
929,tt0083481,Spider-Man and His Amazing Friends,1981,7.2,3509
930,tt0207120,Spider-Man Unlimited,1999,6.3,3349
931,tt0197911,Spider-Woman,1979,5.8,799
932,tt0250754,Stepsister from Planet Weird,2000,5.7,1541
933,tt0348124,Stitch! The Movie,2003,6.1,9817
934,tt0410696,Stuck in the Suburbs,2004,5.5,4037
935,tt2999390,Super Buddies,2013,4.1,1509
936,tt0098924,TaleSpin,1990,7.6,14800
937,tt0111359,Tall Tale,1995,5.9,3825
938,tt1706697,Tangled,2010,6.0,60
939,tt0398286,Tangled,2010,7.7,441706
940,tt1472557,Tangled,2009,6.1,10
941,tt1634563,Tangled,2010,7.9,16
942,tt0313680,Tarzan & Jane,2002,5.2,6496
943,tt0681904,Teacher's Pet,2004,8.2,13
944,tt0350194,Teacher's Pet,2004,5.7,1803
945,tt3764966,Teen Beach 2,2015,5.9,4985
946,tt2325989,Teen Beach Movie,2013,5.8,11685
947,tt1845866,Teen Spirit,2011,5.4,7317
948,tt0547192,That Darn Cat,1997,6.2,18
949,tt0120317,That Darn Cat,1997,4.6,4450
950,tt0106223,The Adventures of Huck Finn,1993,6.2,8564
951,tt0072653,The Apple Dumpling Gang,1975,6.3,5829
952,tt0078790,The Apple Dumpling Gang Rides Again,1979,6.0,2892
953,tt1626038,The Avengers: Earth's Mightiest Heroes,2010,8.3,14778
954,tt0071199,The Bears and I,1974,6.2,457
955,tt0068276,The Biscuit Eater,1972,5.7,444
956,tt0088814,The Black Cauldron,1985,6.3,35795
957,tt0078869,The Black Hole,1979,5.9,25485
958,tt2616880,The Blue Umbrella,2013,7.5,10209
959,tt0147926,The Brave Little Toaster Goes to Mars,1998,5.5,1611
960,tt0071288,The Castaway Cowboy,1974,5.8,721
961,tt0338852,The Cheetah Girls,2003,4.8,7963
962,tt0800318,The Cheetah Girls 2,2006,4.9,6327
963,tt1013542,The Cheetah Girls: One World,2008,4.5,4455
964,tt0090840,The Christmas Star,1986,6.3,636
965,tt1334439,The Chronicles of Narnia: Prince Caspian,2008,6.6,311
966,tt0499448,The Chronicles of Narnia: Prince Caspian,2008,6.5,207987
967,tt0363771,"The Chronicles of Narnia: The Lion, the Witch and the Wardrobe",2005,6.9,391623
968,tt0213565,The Color of Friendship,2000,7.2,3889
969,tt0276033,The Country Bears,2002,4.1,5611
970,tt0120917,The Emperor's New Groove,2000,7.4,198998
971,tt0353399,The Emperor's New Groove,2000,7.6,195
972,tt0327698,The Even Stevens Movie,2003,6.1,7040
973,tt6011344,The Flood,2017,8.9,16
974,tt7286018,The Flood,2018,7.8,82
975,tt9154632,The Flood,2018,7.5,180
976,tt0082406,The Fox and the Hound,1981,7.2,91952
977,tt0465997,The Fox and the Hound 2,2006,5.2,4995
978,tt0492956,The Game Plan,2007,6.1,65661
979,tt1260560,The Game Plan,2007,5.2,7
980,tt0080788,The Ghosts of Buxley Hall,1980,5.7,291
981,tt5302908,The Good Dinosaur,2015,7.2,12
982,tt1979388,The Good Dinosaur,2015,6.7,113604
983,tt0082474,The Great Muppet Caper,1981,7.1,15383
984,tt0388980,The Greatest Game Ever Played,2005,7.4,30531
985,tt0338094,The Haunted Mansion,2003,5.0,48304
986,tt0399128,The Haunted Mansion,2003,6.7,48
987,tt0258665,The Hunchback of Notre Dame,1996,4.8,102
988,tt1125865,The Hunchback of Notre Dame,1996,4.4,265
989,tt9799878,The Hunchback of Notre Dame,1996,2.0,43
990,tt0116583,The Hunchback of Notre Dame,1996,7.0,154559
991,tt0241545,The Hunchback of Notre Dame,1996,4.9,45
992,tt0397874,The Hunchback of Notre Dame,1996,6.8,77
993,tt0257778,The Hunchback of Notre Dame II,2002,4.6,6931
994,tt9331982,The Imagineering Story,2019,9.0,2909
995,tt0433576,The Incredibles,2004,7.4,1306
996,tt0317705,The Incredibles,2004,8.0,713458
997,tt0089385,The Journey of Natty Gann,1985,7.0,6122
998,tt0283426,The Jungle Book 2,2003,5.3,16331
999,tt0144262,The Jungle Book: Mowgli's Story,1998,4.1,773
1000,tt2565938,The Legend of Mor'du,2011,6.1,1958
1001,tt0097757,The Little Mermaid,1989,7.6,256670
1002,tt0306841,The Lizzie McGuire Movie,2003,5.5,39451
1003,tt10290670,The Lost Tomb of Alexander the Great,2019,6.4,287
1004,tt0076363,The Many Adventures of Winnie the Pooh,1977,7.5,35994
1005,tt2490352,The Mistle-Tones,2012,6.4,2249
1006,tt0104940,The Muppet Christmas Carol,1992,7.7,57654
1007,tt0079588,The Muppet Movie,1979,7.6,35837
1008,tt1204342,The Muppets,2011,7.1,91963
1009,tt2121422,The Muppets,2011,5.1,10
1010,tt0165052,The New Adventures of Winnie the Pooh,1988,7.6,4136
1011,tt0525760,The Parent Trap,1998,8.1,28
1012,tt0120783,The Parent Trap,1998,6.6,134468
1013,tt0274728,The Poof Point,2001,4.5,563
1014,tt1836776,The Prince and the Pauper,1962,6.3,306
1015,tt1799682,The Princess and the Frog,2009,4.8,13
1016,tt5313896,The Princess and the Frog,2009,6.3,41
1017,tt0780521,The Princess and the Frog,2009,7.1,140477
1018,tt0247638,The Princess Diaries,2001,6.3,142072
1019,tt0368933,The Princess Diaries 2: Royal Engagement,2004,5.8,80092
1020,tt0448090,The Proud Family Movie,2005,5.3,1765
1021,tt3711804,The Reluctant Dragon,1941,6.8,138
1022,tt0847773,The Replacements,2006,7.1,65
1023,tt0816401,The Replacements,2006,5.8,2936
1024,tt0076618,The Rescuers,1977,6.9,63381
1025,tt0100477,The Rescuers Down Under,1990,6.8,42436
1026,tt0265662,The Rookie,2002,6.9,34705
1027,tt0360993,The Rookie,2002,5.6,16
1028,tt0111070,The Santa Clause,1994,6.5,114056
1029,tt0304669,The Santa Clause 2,2002,5.7,56593
1030,tt0452681,The Santa Clause 3: The Escape Clause,2006,4.7,37188
1031,tt0313634,The Scream Team,2002,6.3,1211
1032,tt0075200,The Shaggy D.A.,1976,5.8,3026
1033,tt0073760,The Strongest Man in the World,1975,5.9,3289
1034,tt1754799,The Suite Life Movie,2011,5.1,3968
1035,tt5653444,The Swap,2016,6.0,2078
1036,tt0200208,The Thirteenth Year,1999,5.9,5502
1037,tt0831399,The Three Musketeers,1992,7.3,102
1038,tt0108333,The Three Musketeers,1993,6.3,54700
1039,tt0128747,The Three Musketeers,1992,6.2,13
1040,tt0220099,The Tigger Movie,2000,6.3,18876
1041,tt0256466,The Ultimate Christmas Present,2000,5.7,1726
1042,tt0405469,The Wild,2006,5.2,25825
1043,tt2448374,The Wizards Return: Alex vs. Alex,2013,6.3,6458
1044,tt10196390,The World According to Jeff Goldblum,2019,7.7,2668
1045,tt0318850,The Young Black Stallion,2003,5.4,1176
1046,tt0301935,Three Days,2001,6.8,1099
1047,tt0094137,Three Men and a Baby,1987,6.1,53119
1048,tt0098966,Three Men and a Little Lady,1990,5.4,24676
1049,tt0397113,Tiger Cruise,2004,5.9,1462
1050,tt0112197,Timon & Pumbaa,1995,7.0,10133
1051,tt0096273,Tin Toy,1988,6.5,10766
1052,tt0823671,Tinker Bell,2008,6.7,13792
1053,tt1336291,Tinker Bell,2008,9.1,8
1054,tt1216515,Tinker Bell and the Great Fairy Rescue,2010,6.8,8665
1055,tt1216516,Tinker Bell and the Lost Treasure,2009,6.7,10868
1056,tt0112302,Tom and Huck,1995,5.5,10809
1057,tt0178952,Toy Story,1995,7.4,680
1058,tt0114709,Toy Story,1995,8.3,966861
1059,tt0395789,Toy Story 2,1999,7.5,2146
1060,tt0120363,Toy Story 2,1999,7.9,567764
1061,tt0435761,Toy Story 3,2010,8.3,816192
1062,tt1897358,Toy Story 3,2010,6.8,5
1063,tt1799686,Toy Story 3,2010,4.3,16
1064,tt1850374,Toy Story Toons: Hawaiian Vacation,2011,7.2,8873
1065,tt2340678,Toy Story Toons: Partysaurus Rex,2012,7.5,7146
1066,tt2033372,Toy Story Toons: Small Fry,2011,7.0,7002
1067,tt1247700,Trail of the Panda,2009,6.3,212
1068,tt0075347,Treasure of Matecumbe,1976,6.1,809
1069,tt1602487,Treasure Planet,2002,7.1,164
1070,tt0133240,Treasure Planet,2002,7.1,115489
1071,tt0384622,Tron,1982,7.6,175
1072,tt0296251,Tru Confessions,2002,7.4,3208
1073,tt0283084,Tuck Everlasting,2002,6.6,23843
1074,tt0467421,Twitches,2005,5.6,8254
1075,tt1017465,Twitches Too,2007,5.6,5003
1076,tt0080062,Unidentified Flying Oddball,1979,5.1,1194
1077,tt1799688,Up,2009,5.7,14
1078,tt1485814,Up,2009,7.6,459
1079,tt1049413,Up,2009,8.3,1017043
1080,tt0361089,Valiant,2005,5.5,22800
1081,tt1159961,Waking Sleeping Beauty,2009,7.6,3020
1082,tt0790781,Wendy Wu: Homecoming Warrior,2006,5.3,6566
1083,tt0185007,Whispers: An Elephant's Tale,2000,5.0,361
1084,tt0296281,White Fang,1991,5.9,66
1085,tt0103247,White Fang,1991,6.7,20878
1086,tt0295691,Who Framed Roger Rabbit,1988,6.8,180
1087,tt0096438,Who Framed Roger Rabbit,1988,7.7,197704
1088,tt3803728,Wild Yellowstone,2015,7.6,86
1089,tt2543062,Winged Seduction: Birds of Paradise,2012,6.5,49
1090,tt6403116,Winnie the Pooh,2011,8.2,26
1091,tt1449283,Winnie the Pooh,2011,7.1,24787
1092,tt0324572,Winnie the Pooh: A Very Merry Pooh Year,2002,6.6,2523
1093,tt0384696,Winnie the Pooh: Springtime with Roo,2003,6.3,2229
1094,tt0799922,Wizards of Waverly Place,2007,6.9,33437
1095,tt1369845,Wizards of Waverly Place: The Movie,2009,6.2,18189
1096,tt1772341,Wreck-It Ralph,2012,7.7,413112
1097,tt6639618,Wreck-It Ralph,2012,6.6,205
1098,tt2503772,Wreck-It Ralph,2012,6.2,13
1099,tt0247827,X-Men: Evolution,2000,7.8,11827
1100,tt0206446,Yellowstone Cubs,1963,6.8,292
1101,tt0153992,You Lucky Dog,1998,4.5,679
1102,tt0329783,You Wish!,2003,6.0,1901
1103,tt1134859,Your Friend the Rat,2007,7.0,6114
1104,tt6878820,Z-O-M-B-I-E-S,2018,6.0,5086
1105,tt3544734,Zapped,2014,5.0,5360
1106,tt0186726,Zenon: Girl of the 21st Century,1999,6.3,7613
1107,tt0271271,Zenon: The Zequel,2001,5.7,3883
1108,tt0379060,Zenon: Z3,2004,5.2,2697
1109,tt5789240,Zootopia,2016,7.6,69
1110,tt2948356,Zootopia,2016,8.0,483721
1111,tt7237860,Zootopia,2016,8.6,6
1112,tt0249677,Lady and the Tramp II: Scamp's Adventure,2001,5.7,11868
1113,tt0077305,The Cat from Outer Space,1978,6.0,5204
1114,tt0091149,The Great Mouse Detective,1986,7.2,49220
1115,tt1101237,Imagination Movers,2008,7.1,799
1116,tt1964418,Tomorrowland,2015,6.4,181296
1117,tt5300146,Tomorrowland,2015,8.0,12
1118,tt3634326,Tomorrowland,2014,7.7,564
1119,tt0429591,Aquamarine,2006,5.3,41938
1120,tt1334106,X-Men Origins: Wolverine,2009,7.9,3387
1121,tt0458525,X-Men Origins: Wolverine,2009,6.5,496999
1122,tt1425242,Night at the Museum: Battle of the Smithsonian,2009,6.0,1419
1123,tt1078912,Night at the Museum: Battle of the Smithsonian,2009,6.0,193226
1124,tt1083452,Eddie the Eagle,2015,7.3,92331
1125,tt0286499,Bend It Like Beckham,2002,6.7,110020
