,title_id,title,country,num_country
2221,tt9906260,Hero,India,1
2872,tt8983164,Chhalaang,India,1
3083,tt7721800,Bharat,India,1
3946,tt8239946,Tumbbad,"India, Sweden",2
4219,tt5186714,The Salesman,"Iran, France",2
4316,tt1158939,Never Grow Old,"Ireland, Belgium, France, Luxembourg, United Kingdom",5
4498,tt5542802,Raabta,India,1
4505,tt9176086,Saina,India,1
4577,tt6107548,Late Night,United States,1
4995,tt1974419,The Neon Demon,"United States, Belgium, Denmark, France",4
5172,tt0330843,Saathiya,India,1
5252,tt1182937,Rab Ne Bana Di Jodi,India,1
5647,tt9827834,Sylvie's Love,United States,1
5721,tt12882620,Evil Eye,United States,1
5772,tt11080108,The Map of Tiny Perfect Things,United States,1
5932,tt1592873,LOL,United States,1
5934,tt0172684,Kuch Kuch Hota Hai,India,1
7163,tt2323964,Mere Dad Ki Maruti,India,1
7411,tt1185420,Dostana,"India, United States",2
8982,tt6463320,Zana,"Kosovo, Albania, United States, Georgia",4
9735,tt0072562,Saturday Night Live,United States,1
9743,tt11794642,Big Sky,United States,1
9870,tt2660806,Mom,United States,1
10032,tt4419214,Queen Sugar,United States,1
10072,tt0082782,My Bloody Valentine,Canada,1
10076,tt0094006,Some Kind of Wonderful,United States,1
10078,tt2118624,The Final Girls,"United States, Canada",2
10136,tt7018644,Grown-ish,United States,1
10143,tt5093026,Papillon,"United States, Czech Republic, Spain",3
10270,tt3316796,Alone,United States,1
10486,tt1191056,The Real Housewives of New York City,United States,1
10655,tt7242816,Harrow,"United States, Australia",2
10744,tt1341188,How Do You Know,United States,1
10752,tt3200980,Where Hope Grows,United States,1
10757,tt4536768,The Osiris Child,Australia,1
10809,tt0808151,Angels & Demons,"United States, Italy",2
10818,tt2252938,Wander Over Yonder,"United States, Canada, Ireland",3
10893,tt1411598,The Real Housewives of New Jersey,United States,1
10900,tt6470478,The Good Doctor,United States,1
10926,tt2861424,Rick and Morty,United States,1
10956,tt1596786,American Pickers,United States,1
10969,tt1785123,Storage Wars,United States,1
11044,tt2802850,Fargo,United States,1
11089,tt0462499,Rambo,"Germany, United States, Thailand",3
11133,tt1575539,Elena Undone,United States,1
11187,tt5111874,My Scientology Movie,United Kingdom,1
11259,tt8663516,Child's Play,"Canada, United States",2
11292,tt0338096,Dirty Dancing: Havana Nights,United States,1
11312,tt1865718,Gravity Falls,United States,1
11350,tt2235759,The Great,"United Kingdom, Australia",2
11389,tt1778304,Paranormal Activity 3,United States,1
11460,tt9418572,Bless This Mess,United States,1
11504,tt4574736,Charlotte,Japan,1
11512,tt3114390,Kill la Kill,Japan,1
11607,tt7078658,The Day Shall Come,"United Kingdom, United States",2
11653,tt1489887,Booksmart,United States,1
11688,tt6548228,Castle Rock,United States,1
11741,tt7589524,Aniara,"Sweden, Denmark, United States",3
11757,tt6301452,Matriarch,United Kingdom,1
11778,tt6768578,Dogman,"Italy, France",2
11808,tt6769280,Time Freak,United States,1
11863,tt0096542,Baywatch,United States,1
11865,tt7545524,Ben Is Back,United States,1
11866,tt5056196,Catch-22,United States,1
11894,tt6220752,Pledge,United States,1
11908,tt5583512,Cardinal,Canada,1
11913,tt6205872,Assassination Nation,"United States, Canada",2
11942,tt1528406,Fairy Tail,Japan,1
12034,tt2586120,Racer and the Jailbird,"Belgium, France, Netherlands",3
12053,tt0147800,10 Things I Hate About You,United States,1
12056,tt1441109,Cougar Town,United States,1
12083,tt3544734,Zapped,"Canada, United States",2
12140,tt4047038,Dirk Gently's Holistic Detective Agency,United States,1
12157,tt2654620,The Strain,"United States, Canada, Mexico",3
12175,tt3859272,Tragedy Girls,United States,1
12177,tt6304046,Thelma,"Norway, France, Denmark, Sweden",4
12179,tt3741634,Tokyo Ghoul,Japan,1
12203,tt0239195,Survivor,United States,1
12219,tt0368530,One Tree Hill,United States,1
12224,tt1552112,The Glades,United States,1
12245,tt0098936,Twin Peaks,United States,1
12265,tt5368542,The Exorcist,United States,1
12270,tt4189492,Man Seeking Woman,United States,1
12293,tt0460627,Bones,United States,1
12294,tt4307902,The Carmichael Show,United States,1
12297,tt2211129,The Mindy Project,United States,1
12326,tt0435961,Gungrave,Japan,1
12346,tt1910272,Steins;Gate,Japan,1
12376,tt1821681,Touch,United States,1
12398,tt0286486,The Shield,United States,1
12423,tt0368891,National Treasure,United Kingdom,1
12430,tt2226342,Devious Maids,United States,1
12444,tt0410975,Desperate Housewives,United States,1
12467,tt2705602,Atlantis,United Kingdom,1
12566,tt0974613,The Other Man,"United Kingdom, United States",2
12595,tt0103491,Melrose Place,United States,1
12599,tt0098948,Wings,United States,1
12633,tt0791205,Ergo Proxy,Japan,1
12738,tt1772379,The Fades,United Kingdom,1
12779,tt2720826,Birth of the Dragon,"China, Canada, United States",3
12781,tt0126158,He-Man and the Masters of the Universe,United States,1
12797,tt1999167,Naruto Shippuden the Movie: Blood Prison,Japan,1
12886,tt0102065,House Party 2,United States,1
12902,tt0116996,Mars Attacks!,United States,1
12909,tt0181739,Osmosis Jones,United States,1
12956,tt0811066,Shootout at Lokhandwala,India,1
12972,tt4779326,The Water Man,United States,1
13014,tt14252964,Gone for Good,France,1
13093,tt1878870,The Edge of Seventeen,"United States, China",2
13300,tt0118571,Air Force One,"United States, Germany",2
13302,tt0295178,Austin Powers in Goldmember,United States,1
13478,tt9310336,Trese,"Philippines, Singapore, Indonesia",3
13520,tt0185183,Battlefield Earth,United States,1
13545,tt0462482,Population 436,"Canada, United States",2
13578,tt9251798,Ragnarok,"Norway, Denmark",2
13600,tt1826603,Asmaa,Egypt,1
13938,tt2473602,Get on Up,"United Kingdom, United States",2
14134,tt10303430,Sightless,United States,1
14311,tt1843230,Once Upon a Time,Egypt,1
14351,tt0808151,Angels & Demons,"United States, Italy",2
14362,tt0102744,Quigley Down Under,"Australia, United States",2
14438,tt0239195,Survivor,United States,1
14475,tt13318052,Midnight at the Magnolia,Canada,1
14478,tt12411074,Paranormal,Egypt,1
14549,tt1648186,Fisherman's Friends,United Kingdom,1
14713,tt3532628,Black,India,1
14784,tt9820352,Villain,United Kingdom,1
15165,tt1552211,The Last Days of American Crime,United States,1
15210,tt10627720,Ne Zha,China,1
15330,tt9109976,Psycho,India,1
15353,tt0893507,Beynelmilel,Turkey,1
15431,tt6259380,Code 8,Canada,1
15456,tt0098999,Agneepath,India,1
15461,tt1185420,Dostana,"India, United States",2
15475,tt0172684,Kuch Kuch Hota Hai,India,1
15532,tt8771910,Self Made: Inspired by the Life of Madam C.J. Walker,United States,1
15535,tt8741648,The Letter for the King,United Kingdom,1
15586,tt0456149,The Death of Mr. Lazarescu,Romania,1
15760,tt9760504,NiNoKuni,Japan,1
15874,tt0461936,Don,India,1
15987,tt8688814,The Dragon Prince,"United States, Canada",2
16031,tt1315981,A Single Man,United States,1
16164,tt3565486,Black Money Love,Turkey,1
16225,tt8110640,In the Shadow of the Moon,"United States, Canada",2
16478,tt3114390,Kill la Kill,Japan,1
16599,tt7605074,The Wandering Earth,China,1
16671,tt7315484,The Silence,"Canada, Germany",2
16837,tt5773986,Studio 54,United States,1
16913,tt9425132,Conversations with a Killer: The Ted Bundy Tapes,United States,1
16955,tt0100029,Lionheart,Nigeria,1
16964,tt6595896,Pok√©mon the Movie: I Choose You!,Japan,1
17033,tt2172584,Maps to the Stars,"Canada, Germany, France, United States",4
17049,tt0914376,The Innocent Man,United States,1
17101,tt6892462,The World Is Yours,France,1
17216,tt7472352,Shirkers,"United States, United Kingdom",2
17323,tt2186933,Luv Shuv Tey Chicken Khurana,India,1
17422,tt6522546,Spyder,India,1
17433,tt2660806,Mom,India,1
17726,tt5197860,Tabula Rasa,Belgium,1
17798,tt3169770,Retribution,United Kingdom,1
17948,tt6214928,1922,United States,1
17950,tt7214842,One of Us,United States,1
18190,tt5294198,Catfight,United States,1
18256,tt5946128,Dear Zindagi,India,1
18273,tt4631532,Our Lovers,Spain,1
18311,tt2577192,Howards End,"United Kingdom, Japan, United States",3
18362,tt3544734,Zapped,"Canada, United States",2
18382,tt4273292,Under the Shadow,"United Kingdom, Jordan, Qatar, Iran",4
18511,tt2094064,Much Ado About Nothing,"Chile, United States, France",3
18630,tt3824412,Results,United States,1
18674,tt1582457,The Borgias,"United States, Hungary, Ireland, Canada",4
18700,tt0478087,21,United States,1
18764,tt5189894,68 Kill,United States,1
18967,tt4048668,Band of Robbers,United States,1
19209,tt8663516,Child's Play,United States,1
19284,tt0190332,"Crouching Tiger, Hidden Dragon","Taiwan, Hong Kong, United States, China",4
19374,tt0119008,Donnie Brasco,United States,1
19472,tt1528406,Fairy Tail,Japan,1
19531,tt0369436,Four Christmases,"Germany, United States",2
19546,tt3352390,Friend Request,Germany,1
19559,tt0436339,G-Force,United States,1
19703,tt9906260,Hero,"Hong Kong, China",2
19725,tt4419364,Holidays,"United States, Ireland",2
19777,tt4647900,I Am Bolt,United Kingdom,1
19798,tt0780567,Imagine That,"United States, Germany",2
19880,tt5639446,Jonathan,United States,1
19924,tt0107311,Khalnayak,India,1
19938,tt0266697,Kill Bill: Vol. 1,"United States, Japan",2
19958,tt3398976,Knights of Sidonia,Japan,1
19964,tt1613750,Kon-Tiki,"United Kingdom, Norway, Denmark, Germany, Sweden",5
19980,tt0373074,Kung Fu Hustle,"Hong Kong, China, United States",3
20022,tt2467046,Left Behind,"United States, Canada",2
20023,tt1219342,Legend of the Guardians: The Owls of Ga'Hoole,"United States, Australia",2
20056,tt4919484,Little Men,"United States, Greece, Brazil",3
20286,tt5111874,My Scientology Movie,United Kingdom,1
20294,tt0457510,Nacho Libre,"United States, Mexico",2
20305,tt0368891,National Treasure,United States,1
20431,tt0431308,P.S. I Love You,United States,1
20469,tt0457433,Perfect Stranger,United States,1
20572,tt6927152,Rampant,South Korea,1
20690,tt2140373,Saving Mr. Banks,"United States, United Kingdom, Australia",3
20703,tt0134084,Scream 3,United States,1
20780,tt0108162,Sliver,United States,1
20813,tt2101441,Spring Breakers,"United States, France",2
20847,tt0117765,Striptease,United States,1
20941,tt5253282,The Bachelors,United States,1
20961,tt8089526,The Box,United States,1
20973,tt4030600,The Bye Bye Man,"United States, China",2
20994,tt4210080,The Confirmation,Canada,1
21025,tt0377818,The Dukes of Hazzard,United States,1
21106,tt1058017,The Invention of Lying,United States,1
21118,tt1504320,The King's Speech,"United Kingdom, United States, Australia",3
21135,tt0097757,The Little Mermaid,United States,1
21146,tt0347436,The Lord of the Rings: The Two Towers,"New Zealand, United States",2
21171,tt1204342,The Muppets,United States,1
21197,tt5126922,The Pirates of Somalia,"Somalia, Kenya, Sudan, South Africa, United States",5
21233,tt1265990,The Roommate,United States,1
21245,tt3848888,The Shaukeens,India,1
21385,tt0098936,Twin Peaks,United States,1
21550,tt2100546,Ice Age: A Mammoth Christmas,United States,1
21572,tt0870154,Jungle Cruise,United States,1
21605,tt0111419,Thumbelina,"Ireland, United States, Canada, United Kingdom, Denmark, Spain, Poland, Hungary",8
21628,tt0952640,Alvin and the Chipmunks,United States,1
21662,tt0128890,Pepper Ann,United States,1
21668,tt3228774,Cruella,"United States, United Kingdom",2
21776,tt2252938,Wander Over Yonder,"United States, Canada, Ireland",3
21782,tt0145487,Spider-Man,United States,1
21816,tt1053810,The Big Year,"United States, Canada",2
21840,tt1571313,Pair of Kings,United States,1
21844,tt0452598,Cheaper by the Dozen 2,"United States, Canada",2
21861,tt5104604,Isle of Dogs,"United States, Germany, United Kingdom",3
21876,tt0273799,Max Keeble's Big Move,United States,1
21892,tt0118617,Anastasia,United States,1
21893,tt11681250,Godmothered,United States,1
21908,tt2980706,Planes: Fire & Rescue,United States,1
21913,tt0104431,Home Alone 2: Lost in New York,United States,1
21921,tt0119718,Mr. Magoo,United States,1
21945,tt0113862,Mr. Holland's Opus,United States,1
21947,tt4846340,Hidden Figures,United States,1
21956,tt0120631,Ever After: A Cinderella Story,United States,1
21960,tt1843230,Once Upon a Time,United States,1
21964,tt0109520,D2: The Mighty Ducks,United States,1
21985,tt1485796,The Greatest Showman,United States,1
21997,tt12607910,Black Is King,United States,1
22009,tt1790809,Pirates of the Caribbean: Dead Men Tell No Tales,United States,1
22032,tt0112499,The Big Green,United States,1
22034,tt0114924,While You Were Sleeping,United States,1
22050,tt3089630,Artemis Fowl,United States,1
22077,tt4777008,Maleficent: Mistress of Evil,"United States, United Kingdom, Canada",3
22087,tt0107131,Homeward Bound: The Incredible Journey,United States,1
22099,tt0368891,National Treasure,United States,1
22131,tt7146812,Onward,United States,1
22143,tt1604171,Prom,United States,1
22144,tt1294226,The Last Song,United States,1
22151,tt0436339,G-Force,United States,1
22162,tt8336340,Star Wars Resistance,United States,1
22166,tt0458290,Star Wars: The Clone Wars,United States,1
22177,tt0094739,Big Business,United States,1
22188,tt0377770,Destino,"France, United States",2
22204,tt0106611,Cool Runnings,United States,1
22255,tt0147800,10 Things I Hate About You,United States,1
22258,tt0211181,102 Dalmatians,"United States, United Kingdom",2
22259,tt1846442,12 Dates of Christmas,United States,1
22262,tt0113198,A Goofy Movie,"United States, Australia, France, Canada",4
22281,tt0230011,Atlantis: The Lost Empire,United States,1
22307,tt0105958,Boy Meets World,United States,1
22317,tt0294425,Cadet Kelly,"United States, Canada",2
22345,tt0997047,College Road Trip,United States,1
22351,tt1090750,Dadnapped,United States,1
22353,tt0101076,Darkwing Duck,United States,1
22361,tt0130623,Dinosaur,United States,1
22479,tt1127884,Hannah Montana and Miley Cyrus: Best of Both Worlds Concert,United States,1
22484,tt0080861,Herbie Goes Bananas,United States,1
22485,tt0076137,Herbie Goes to Monte Carlo,United States,1
22490,tt0962726,High School Musical 3: Senior Year,United States,1
22492,tt0107120,Hocus Pocus,United States,1
22494,tt0104437,"Honey, I Blew Up the Kid",United States,1
22519,tt0116669,Jack,United States,1
22523,tt1865769,Jessie,United States,1
22543,tt0401398,Kronk's New Groove,United States,1
22562,tt0486761,Leroy & Stitch,United States,1
22567,tt0945571,Lifted,United States,1
22569,tt0457993,Lilo & Stitch 2: Stitch Has a Glitch,United States,1
22640,tt0273842,Motocrossed,United States,1
22660,tt0479113,One Man Band,United States,1
22661,tt0114048,Operation Dumbo Drop,United States,1
22673,tt0852863,Phineas and Ferb,"United States, South Korea, China, Taiwan",4
22678,tt5613056,Piper,United States,1
22696,tt8980868,Purl,United States,1
22700,tt0382932,Ratatouille,United States,1
22704,tt0265632,Recess: School's Out,"United States, Japan",2
22709,tt0078158,Return from Witch Mountain,United States,1
22724,tt4661600,Sanjay's Super Team,United States,1
22727,tt2140373,Saving Mr. Banks,"United States, United Kingdom, Australia",3
22741,tt0105417,Sister Act,United States,1
22753,tt0083481,Spider-Man and His Amazing Friends,United States,1
22772,tt0410696,Stuck in the Suburbs,United States,1
22813,tt1013542,The Cheetah Girls: One World,United States,1
22816,tt0363771,"The Chronicles of Narnia: The Lion, the Witch and the Wardrobe","United Kingdom, United States",2
22830,tt0082474,The Great Muppet Caper,"United Kingdom, United States",2
22845,tt0097757,The Little Mermaid,United States,1
22857,tt0079588,The Muppet Movie,"United Kingdom, United States",2
22858,tt1204342,The Muppets,United States,1
22870,tt0247638,The Princess Diaries,"United States, United Kingdom",2
22875,tt0076618,The Rescuers,United States,1
22879,tt0304669,The Santa Clause 2,"United States, Canada",2
22883,tt0075200,The Shaggy D.A.,United States,1
22889,tt0073760,The Strongest Man in the World,United States,1
22925,tt0114709,Toy Story,United States,1
22926,tt0120363,Toy Story 2,United States,1
22938,tt0296251,Tru Confessions,"United States, Canada",2
22939,tt0283084,Tuck Everlasting,United States,1
22947,tt0361089,Valiant,"United Kingdom, United States",2
22948,tt1159961,Waking Sleeping Beauty,United States,1
22953,tt0096438,Who Framed Roger Rabbit,United States,1
22972,tt3544734,Zapped,"Canada, United States",2
22974,tt0271271,Zenon: The Zequel,"United States, New Zealand",2
22981,tt0249677,Lady and the Tramp II: Scamp's Adventure,"United States, Australia",2
22993,tt1334106,X-Men Origins: Wolverine,"United States, United Kingdom",2
22994,tt1078912,Night at the Museum: Battle of the Smithsonian,"United States, Canada",2
